대분류,소분류
기타ACC,SO
가방,BG
가방,BK
가방,CR
가방,HS
가방,SG
가방,UB
의류,DP
의류,LG
의류,PT
의류,SK
의류,SM
의류,SP
의류,TP
의류,WP
모자,BN
모자,CP
모자,HT
모자,SC
모자,WR
의류,BS
의류,HD
의류,KP
의류,MT
의류,OP
의류,PQ
의류,TK
의류,TR
의류,TS
의류,WS
의류,DJ
의류,DK
의류,FD
의류,JP
의류,KC
의류,WJ
신발,CV
신발,LP
신발,MU
신발,SH
신발,SX
의류,S6
기타ACC,ET
기타ACC,MF
기타ACC,ML
기타ACC,PO
기타ACC,TW
가방,BM
가방,BQ
가방,BW
가방,OR
의류,DS
모자,CB
모자,MC
의류,DD
의류,DR
의류,RS
의류,SW
의류,TO
의류,DV
의류,JK
의류,KT
의류,PD
의류,VT
신발,RN
신발,SD
기타ACC,PE
의류,DT
의류,S2
신발,WB
의류,S1
의류,S2
기타ACC,GL
기타ACC,JA
기타ACC,JB
기타ACC,JC
모자,WM
의류,TR
의류,BV
기타ACC,JD
의류,SW
의류,ZT
의류,CT
의류,LE
의류,S5
기타ACC,DC
의류,RL
의류,SS
기타ACC,AC
가방,BZ
의류,TL
의류,BR
